text,score
それと僕が材料をお伝えした時にバニラエッセンスを入れたじゃないですか,1.0005718003148618
1弦の5フレット、2弦の5フレット、 3弦の5フレット、2弦の7フレット、,0.9304708221129009
けどもこれでえっと木スキル使うとさらに カウンターが1個貯まる,1.808527906735738
長い年月をかけて韓国人朝鮮人 と向き合ってきた中国人は韓国人,1.4759272211476375
ごいハマり始めて,3.1005719900131226
５０話　いらっしゃいませ♪ ヘラのグランプリ！,2.1797073712715735
オムニテクでは人々を助けを上がっている。,3.6452900767326355
僕が名前が太郎だ,3.090858578681946
僕は名前が太郎だ,3.15933096408844
僕の名前が太郎だ,3.0168012777964273
僕の名前は太郎だ,2.792864123980204
僕の花子は太郎だ,2.5801644154957364
花子の名前は太郎だ,3.3895037514822826
