text,score
それと僕が材料をお伝えした時にバニラエッセンスを入れたじゃないですか,1.2145669382551443
1弦の5フレット、2弦の5フレット、 3弦の5フレット、2弦の7フレット、,1.2133563224758421
けどもこれでえっと木スキル使うとさらに カウンターが1個貯まる,1.765572800355799
長い年月をかけて韓国人朝鮮人 と向き合ってきた中国人は韓国人,1.8063559114933014
ごいハマり始めて,4.858094851175944
５０話　いらっしゃいませ♪ ヘラのグランプリ！,2.7056575188269982
オムニテクでは人々を助けを上がっている。,3.030261447032293
僕が名前が太郎だ,4.949702620506287
僕は名前が太郎だ,4.981143236160278
僕の名前が太郎だ,4.955626090367635
僕の名前は太郎だ,4.871105154355367
僕の花子は太郎だ,4.215708357947213
花子の名前は太郎だ,4.081412519727435
