text,score
それと僕が材料をお伝えした時にバニラエッセンスを入れたじゃないですか,1.1882291591685752
1弦の5フレット、2弦の5フレット、 3弦の5フレット、2弦の7フレット、,1.0018950807196754
けどもこれでえっと木スキル使うとさらに カウンターが1個貯まる,1.704973578453064
長い年月をかけて韓国人朝鮮人 と向き合ってきた中国人は韓国人,1.654562959074974
ごいハマり始めて,4.628369371096293
５０話　いらっしゃいませ♪ ヘラのグランプリ！,2.768145937186021
オムニテクでは人々を助けを上がっている。,3.73494545618693
僕が名前が太郎だ,4.101834813753764
僕は名前が太郎だ,4.0846850872039795
僕の名前が太郎だ,4.161316871643066
僕の名前は太郎だ,3.9535913864771524
僕の花子は太郎だ,3.4644830567496165
花子の名前は太郎だ,3.9267097200666154
